-- phpMyAdmin SQL Dump
-- version 5.2.1
-- https://www.phpmyadmin.net/
--
-- Host: 127.0.0.1
-- Generation Time: Sep 30, 2025 at 07:36 AM
-- Server version: 10.4.32-MariaDB
-- PHP Version: 8.0.30

SET SQL_MODE = "NO_AUTO_VALUE_ON_ZERO";
START TRANSACTION;
SET time_zone = "+00:00";


/*!40101 SET @OLD_CHARACTER_SET_CLIENT=@@CHARACTER_SET_CLIENT */;
/*!40101 SET @OLD_CHARACTER_SET_RESULTS=@@CHARACTER_SET_RESULTS */;
/*!40101 SET @OLD_COLLATION_CONNECTION=@@COLLATION_CONNECTION */;
/*!40101 SET NAMES utf8mb4 */;

--
-- Database: `exe201`
--

--
-- Dumping data for table `option`
--

INSERT INTO `option` (`OptionID`, `QuestionID`, `TEXT`, `isCorrect`) VALUES
(1, 1, '10 chiếc', 0),
(2, 1, '12 chiếc', 0),
(3, 1, '14 chiếc', 1),
(4, 1, '16 chiếc', 0),
(5, 2, 'Hạ 14 máy bay Mỹ', 0),
(6, 2, 'Hạ B-52 bằng tên lửa không đối không', 1),
(7, 2, 'Bắn rơi trực thăng vận tải', 0),
(8, 2, 'Thực hiện nhiều chuyến bay trinh sát', 0),
(9, 3, 'Chiến dịch Điện Biên Phủ trên không năm 1972', 0),
(10, 3, 'Chiến dịch Tây Nguyên năm 1975', 0),
(11, 3, 'Chiến dịch Hồ Chí Minh năm 1975, tiến vào Dinh Độc Lập', 1),
(12, 3, 'Trận Vạn Tường năm 1965', 0),
(13, 4, '15/4/1975', 0),
(14, 4, '21/4/1975', 0),
(15, 4, '22/4/1975', 1),
(16, 4, '30/4/1975', 0),
(17, 5, 'F-4 Phantom II', 0),
(18, 5, 'F-8A', 1),
(19, 5, 'B-52', 0),
(20, 5, 'F-105D', 0),
(21, 6, 'Đoàn tàu không số', 1),
(22, 6, 'Hải đội 413', 0),
(23, 6, 'Đoàn 125', 0),
(24, 6, 'Đoàn 759', 0),
(25, 7, 'Pháo cao xạ 57mm', 0),
(26, 7, 'Pháo cao xạ 37mm', 1),
(27, 7, 'Pháo cao xạ 100mm', 0),
(28, 7, 'Pháo cao xạ 85mm', 0),
(29, 8, 'Người có thành tích xuất sắc trong chiến đấu và công tác', 1),
(30, 8, 'Tất cả công dân Việt Nam', 0),
(31, 8, 'Người nước ngoài có công với cách mạng Việt Nam', 0),
(32, 8, 'Các nhà khoa học nghiên cứu lịch sử quân sự', 0),
(33, 9, 'Thời kỳ Pháp thuộc', 0),
(34, 9, 'Thời đại Hùng Vương - An Dương Vương', 1),
(35, 9, 'Thời kỳ chiến tranh chống Mỹ', 0),
(36, 9, 'Thời kỳ hiện đại', 0),
(37, 10, 'Nguyễn Đức Lô trong Chiến dịch Biên giới 1950', 1),
(38, 10, 'Trần Văn Trà trong Chiến dịch Hồ Chí Minh 1975', 0),
(39, 10, 'Lê Trọng Huyên trong Kháng chiến chống Mỹ', 0),
(40, 10, 'Võ Nguyên Giáp trong Chiến dịch Điện Biên Phủ', 0),
(41, 11, 'Hành quân vượt núi, ngủ hầm, ăn cơm vắt giữa mưa bom bão đạn', 1),
(42, 11, 'Tham gia chiến dịch Hồ Chí Minh năm 1975', 0),
(43, 11, 'Bắn rơi máy bay B-52 trên bầu trời Hà Nội', 0),
(44, 11, 'Tham gia chiến dịch Trung Lào năm 1954', 0),
(45, 12, 'Bắn rơi hai máy bay B-52 trên bầu trời Hà Nội', 0),
(46, 12, 'Bắn rơi máy bay vận tải C-130', 0),
(47, 12, 'Bắn rơi hai máy bay B-52 trên bầu trời Hà Nội', 1),
(48, 12, 'Bắn rơi máy bay trinh sát không người lái', 0),
(49, 13, 'Bắn rơi máy bay Mỹ tại Hà Nội', 0),
(50, 13, 'Giữ vững trận địa, tiêu diệt nhiều địch tại Na Kham, Trung Lào năm 1954', 1),
(51, 13, 'Tham gia chiến dịch Biên giới năm 1950', 0),
(52, 13, 'Bảo vệ cầu Thị Nghè trong chiến dịch Hồ Chí Minh', 0),
(53, 14, 'Tạ Quang Bạo', 0),
(54, 14, 'Phạm Mười', 0),
(55, 14, 'Nguyễn Hải', 1),
(56, 14, 'Mô Lô Kai', 0),
(57, 15, 'Đồng Tháp Mười', 0),
(58, 15, 'Sông Ba (An Khê, Gia Lai)', 1),
(59, 15, 'Trường Sơn', 0),
(60, 15, 'Tây Nguyên', 0),
(61, 16, 'Cành lá ngụy trang', 0),
(62, 16, 'Lựu đạn', 0),
(63, 16, 'Súng', 1),
(64, 16, 'Cờ đỏ sao vàng', 0),
(65, 17, 'Anh hùng Núp (Đinh Núp)', 1),
(66, 17, 'Anh hùng Nguyễn Văn Cốc', 0),
(67, 17, 'Anh hùng Văn Tiến Dũng', 0),
(68, 17, 'Anh hùng Lê Công Thành', 0),
(69, 18, '1946', 1),
(70, 18, '1945', 0),
(71, 18, '1950', 0),
(72, 18, '1952', 0),
(73, 19, 'Bộ Quốc phòng', 0),
(74, 19, 'Trung ương Đảng', 0),
(75, 19, 'Quốc hội', 0),
(76, 19, 'Chủ tịch Hồ Chí Minh', 1),
(77, 20, 'Vũ Năng An', 1),
(78, 20, 'Võ An Ninh', 0),
(79, 20, 'Nguyễn Ái Quốc', 0),
(80, 20, 'Trần Văn Giàu', 0),
(81, 21, 'Công nhân sản xuất giỏi', 0),
(82, 21, 'Giáo viên dạy giỏi', 0),
(83, 21, 'Phi công bắn rơi máy bay Mỹ', 1),
(84, 21, 'Sinh viên xuất sắc', 0),
(85, 22, 'Nhật ký và ba lô', 0),
(86, 22, 'Bi đông và hộp làm từ xác máy bay', 1),
(87, 22, 'Mũ cối và bản đồ hành quân', 0),
(88, 22, 'Súng AK và lựu đạn', 0),
(89, 23, 'Hà Tĩnh', 0),
(90, 23, 'Quảng Trị', 0),
(91, 23, 'Quảng Bình', 1),
(92, 23, 'Nghệ An', 0),
(93, 24, 'Gọi pháo binh chi viện', 0),
(94, 24, 'Ẩn nấp chờ đơn vị', 0),
(95, 24, 'Tìm súng và lựu đạn của địch để sử dụng', 1),
(96, 24, 'ầu hàng để bảo toàn lực lượng', 0),
(97, 25, '20/10/1976', 1),
(98, 25, '2/9/1977', 0),
(99, 25, '22/12/1978', 0),
(100, 25, '30/4/1975', 0),
(101, 26, 'Thực hiện di nguyện cá nhân', 0),
(102, 26, 'Giúp bảo tàng có thêm hiện vật quý hiếm', 0),
(103, 26, 'Tạo nguồn cảm hứng, giáo dục truyền thống cho thế hệ trẻ', 1),
(104, 26, 'Minh chứng về lòng quả cảm của bản thân', 0),
(105, 27, 'Trung đoàn Thăng Long', 0),
(106, 27, 'Đội Quyết tử quân Liên khu 1 Hà Nội', 1),
(107, 27, 'Đại đội 756, Tiểu đoàn 275', 0),
(108, 27, 'Trung đoàn 251', 0),
(109, 28, 'Trung đoàn 48, Sư đoàn 320', 0),
(110, 28, 'Liên khu 1 Hà Nội', 0),
(111, 28, 'Đại đội 756, Tiểu đoàn 275, Trung đoàn 675', 1),
(112, 28, 'Trung đoàn Công binh 251', 0),
(113, 29, 'Cờ “Quyết tử quân”', 0),
(114, 29, 'Cờ “Chiến thắng Lạc Song”', 0),
(115, 29, 'Cờ “Mở đường thắng lợi”', 1),
(116, 29, 'Cờ “Giúp dân đánh giặc”', 0),
(117, 30, 'Trung đoàn Công binh 251', 0),
(118, 30, 'Trung đoàn 48 (Trung đoàn Thăng Long, Sư đoàn 320)', 1),
(119, 30, 'Trung đoàn 675', 0),
(120, 30, 'Trung đoàn 9, Sư đoàn 304', 0),
(121, 31, 'Khẳng định vai trò lãnh đạo của Đảng và Nhà nước', 0),
(122, 31, 'Bổ sung hiện vật cho bảo tàng', 0),
(123, 31, 'Ghi nhận công lao của các đơn vị và cá nhân xuất sắc', 1),
(124, 31, 'Quảng bá hình ảnh quân đội ra quốc tế', 0),
(125, 32, '“Ngôi nhà truyền thống”', 0),
(126, 32, '“Trường học lịch sử”', 0),
(127, 32, '“Cuốn sử sống”', 1),
(128, 32, '“Di sản vô giá”', 0),
(129, 33, 'Quốc gia', 1),
(130, 33, 'Quân khu', 0),
(131, 33, 'Bộ ngành', 0),
(132, 33, 'Quốc tế', 0),
(133, 34, 'Văn Đa', 0),
(134, 34, 'Lê Huy Toàn', 0),
(135, 34, 'Phạm Thanh Tâm', 1),
(136, 34, 'Quang Thọ', 0),
(137, 35, '23 tác phẩm', 0),
(138, 35, '38 tác phẩm', 1),
(139, 35, '61 tác phẩm', 0),
(140, 35, '31 tác phẩm', 0),
(141, 36, 'Năm 1941 tại Pác Bó', 0),
(142, 36, 'Tháng 12/1944 sau khi thành lập Đội Việt Nam tuyên truyền Giải phóng quân', 0),
(143, 36, 'Tháng 5/1944 tại chiến khu', 1),
(144, 36, 'Tháng 8/1945 tại Hà Nội', 0),
(145, 37, 'Khí giới hiện đại', 0),
(146, 37, 'Địa hình thuận lợi và dân chúng ủng hộ', 1),
(147, 37, 'Sự chi viện quốc tế', 0),
(148, 37, 'Lực lượng đông đảo', 0),
(149, 38, '10 chương', 0),
(150, 38, '15 chương', 0),
(151, 38, '12 chương', 0),
(152, 38, '13 chương', 1),
(153, 39, 'Trung đoàn 88 – Đại đoàn Quân tiên phong', 0),
(154, 39, 'Trường Võ bị Trần Quốc Tuấn (nay là Trường Sĩ quan Lục quân 1)', 1),
(155, 39, 'Quân khu Việt Bắc', 0),
(156, 39, 'Đại đội 24 pháo cao xạ Hải quân', 0),
(157, 40, 'Đối với Đảng, Nhà nước và quân đội', 0),
(158, 40, 'Đối với bộ đội, nhân dân và quân địch', 1),
(159, 40, 'Đối với cấp trên, đồng đội và nhân dân', 0),
(160, 40, 'Đối với nhân dân, quốc tế và bạn bè đồng min', 0),
(161, 41, 'Huân chương', 0),
(162, 41, 'Huy chương', 0),
(163, 41, 'Huy hiệu Bác Hồ', 1),
(164, 41, 'Danh hiệu thi đua', 0),
(165, 42, 'Ngừng chiến đấu để hòa đàm Paris', 0),
(166, 42, 'Đẩy mạnh sản xuất, xây dựng miền Bắc', 0),
(167, 42, 'Quyết tâm giải phóng miền Nam, bảo vệ miền Bắc', 1),
(168, 42, 'Chuẩn bị tổng khởi nghĩa', 0),
(169, 43, 'Quân đội hùng mạnh nhờ vũ khí hiện đại', 0),
(170, 43, 'Quân đội phải tuyệt đối trung thành với Đảng', 0),
(171, 43, 'Quân đội từ nhân dân mà ra, vì nhân dân mà chiến đấu', 1),
(172, 43, 'Quân đội cần học tập mô hình các nước xã hội chủ nghĩa', 0);

--
-- Dumping data for table `question`
--

INSERT INTO `question` (`QuestionID`, `QuizID`, `QuestionText`) VALUES
(1, 1, 'Máy bay MiG-21 số hiệu 4324 Câu hỏi: Chiếc MiG-21 số hiệu 4324 đã bắn rơi bao nhiêu máy bay Mỹ trong kháng chiến chống Mỹ?'),
(2, 2, 'Thành tích nổi bật nhất của MiG-21 số hiệu 5121 trong lịch sử chiến tranh Việt Nam là gì?'),
(3, 3, 'Xe tăng T-54B số hiệu 843 đã gắn liền với sự kiện lịch sử nào?'),
(4, 4, 'Bản đồ Quyết tâm Chiến dịch Hồ Chí Minh được hoàn thành và duyệt lần cuối vào ngày nào?'),
(5, 5, 'Pháo cao xạ 100mm của tự vệ Đống Đa đã bắn rơi máy bay Mỹ nào vào ngày 11/9/1972?'),
(6, 6, 'Tàu HQ-671 là hiện vật duy nhất còn lại của lực lượng nào?'),
(7, 7, 'Chiếc mũ cứng của Liệt sĩ Nguyễn Hữu Toái gắn liền với trận địa pháo nào?'),
(8, 8, 'Huy hiệu Bác Hồ được Chủ tịch Hồ Chí Minh tặng thưởng cho ai?'),
(9, 9, 'Những hiện vật vũ khí văn hóa Đông Sơn thể hiện giai đoạn lịch sử nào của dân tộc Việt Nam?'),
(10, 10, 'Chiếc áo trấn thủ do Bác Hồ tặng thuộc về chiến sĩ nào có thành tích xuất sắc trong chiến dịch nào?'),
(11, 11, 'Chiếc ba lô của Đại tá Lê Khắc Phấn trong Chiến dịch Điện Biên Phủ gắn liền với hình ảnh nào sau đây?'),
(12, 12, 'Bệ phóng tên lửa SAM-2 trưng bày tại Bảo tàng Chiến thắng B-52 đã lập chiến công gì nổi bật trong tháng 12 năm 1972?'),
(13, 13, 'Khẩu súng trung liên của Anh hùng Cao Thế Chiến gắn liền với chiến công nào?'),
(14, 14, 'Tác phẩm điêu khắc \'Du kích Đồng Tháp\' của nhà điêu khắc nào được trưng bày tại Bảo tàng Lịch sử Quân sự Việt Nam?'),
(15, 15, 'Bức tượng \'Cô gái vót chông\' lấy cảm hứng từ vùng đất nào?'),
(16, 16, 'Tác phẩm \'Mẹ Trường Sơn\' thể hiện hình ảnh người mẹ dân tộc thiểu số ôm con và cầm gì trong tay?'),
(17, 17, 'Tượng \'Tiếng cồng Tây Nguyên\' của Mô Lô Kai lấy cảm hứng từ hình tượng anh hùng nào?'),
(18, 18, 'Huy hiệu Bác Hồ lần đầu tiên ra đời vào năm nào?'),
(19, 19, 'Ai là người trực tiếp tặng Huy hiệu Bác Hồ cho những cá nhân có thành tích xuất sắc?'),
(20, 20, 'Hình ảnh trên Huy hiệu Bác Hồ được lấy từ bức ảnh do ai chụp?'),
(21, 21, 'Trong kháng chiến chống Mỹ, Huy hiệu Bác Hồ còn được trao cho đối tượng nào để biểu dương thành tích đặc biệt?'),
(22, 22, 'Hai kỷ vật đặc biệt gắn với Anh hùng Phạm Văn Lái hiện được lưu giữ tại Bảo tàng Quân khu 4 là gì?'),
(23, 23, 'Anh hùng Phạm Văn Lái quê ở đâu?'),
(24, 24, 'Trong trận Xuân Lộc năm 1975, khi bị kẹt lại một mình giữa vòng vây, Phạm Văn Lái đã làm gì để tiếp tục chiến đấu?'),
(25, 25, 'Ngày nào Phạm Văn Lái được phong tặng danh hiệu Anh hùng LLVTND?'),
(26, 26, 'Ý nghĩa lớn nhất của việc Anh hùng Phạm Văn Lái hiến tặng kỷ vật cho Bảo tàng Quân khu 4 là gì?'),
(27, 27, 'Lá cờ “Quyết tử quân” được tặng cho đơn vị nào sau chiến công đốt cháy 2 máy bay Pháp tại sân bay Gia Lâm (16/01/1947)?'),
(28, 28, 'Lá cờ “Chiến thắng Lạc Song” do Chủ tịch Hồ Chí Minh tặng thưởng đơn vị nào?'),
(29, 29, 'Lá cờ nào mang dòng chữ “Mở đường thắng lợi – Hồ Chí Minh” và trở thành cờ truyền thống của Bộ đội Công binh anh hùng?'),
(30, 30, 'Lá cờ “Giúp dân đánh giặc” gắn với đơn vị nào trong Liên khu 3 thời kỳ 1951 – 1954?'),
(31, 31, 'Ý nghĩa lớn nhất của các hiện vật cờ thưởng giai đoạn 1945 – 1954 được lưu giữ tại Bảo tàng Lịch sử Quân sự Việt Nam là gì?'),
(32, 32, 'Bảo tàng Lịch sử Quân sự Việt Nam được Chủ tịch Hồ Chí Minh khen ngợi là một:'),
(33, 33, 'Hoạt động sáng tác mỹ thuật về đề tài “Lực lượng vũ trang – Chiến tranh cách mạng” do Bảo tàng phát động được nâng lên tầm mức nào?'),
(34, 34, 'Tác phẩm “Điện Biên Phủ, 17 giờ, ngày 7.5.1954” là của họa sĩ nào?'),
(35, 35, 'Triển lãm kỷ niệm 60 năm Bảo tàng Lịch sử Quân sự Việt Nam đã trưng bày bao nhiêu tác phẩm hội họa, điêu khắc'),
(36, 36, 'Cuốn sách “Chiến thuật du kích” do Nguyễn Ái Quốc biên soạn được xuất bản vào thời gian nào?'),
(37, 37, 'Trong “Chiến thuật du kích”, Nguyễn Ái Quốc khẳng định vũ khí quan trọng nhất giúp quân du kích thắng đế quốc là gì?'),
(38, 38, 'Cuốn “Phép dùng binh của ông Tôn Tử” do Nguyễn Ái Quốc dịch, biên soạn gồm bao nhiêu chương?'),
(39, 39, 'Lá cờ “Trung với nước, hiếu với dân” Bác Hồ tặng năm 1946 cho đơn vị nào?'),
(40, 40, 'Trong thư gửi chính trị viên toàn quốc (3/1948), Hồ Chí Minh nhấn mạnh ba nhiệm vụ chính của người chính trị viên là gì?'),
(41, 41, 'Trong kháng chiến chống Mỹ, Bác Hồ đã nhiều lần khen thưởng bộ đội và nhân dân bằng hình thức nào kịp thời, phổ biến nhất?'),
(42, 42, 'Trong Lời kêu gọi ngày 3/11/1968 sau khi Mỹ ngừng ném bom miền Bắc, Chủ tịch Hồ Chí Minh nhấn mạnh nhiệm vụ nào?'),
(43, 43, 'Thông điệp xuyên suốt trong tư tưởng Hồ Chí Minh về xây dựng Quân đội nhân dân Việt Nam là gì?');

--
-- Dumping data for table `quiz`
--

INSERT INTO `quiz` (`QuizID`, `MuseumID`, `Explaination`) VALUES
(1, 3, '14 chiếc'),
(2, 3, 'Hạ B-52 bằng tên lửa không đối không'),
(3, 3, 'Chiến dịch Hồ Chí Minh năm 1975, tiến vào Dinh Độc Lập'),
(4, 3, '22/4/1975'),
(5, 3, 'F-8A'),
(6, 3, 'Đoàn tàu không số'),
(7, 3, 'Pháo cao xạ 37mm'),
(8, 3, 'Người có thành tích xuất sắc trong chiến đấu và công tác'),
(9, 3, 'Thời đại Hùng Vương - An Dương Vương'),
(10, 3, 'Nguyễn Đức Lô trong Chiến dịch Biên giới 1950'),
(11, 3, 'Hành quân vượt núi, ngủ hầm, ăn cơm vắt giữa mưa bom bão đạn'),
(12, 3, 'Bắn rơi hai máy bay B-52 trên bầu trời Hà Nội'),
(13, 3, 'Giữ vững trận địa, tiêu diệt nhiều địch tại Na Kham, Trung Lào năm 1954'),
(14, 3, 'Nguyễn Hải'),
(15, 3, 'Sông Ba (An Khê, Gia Lai)'),
(16, 3, 'Súng'),
(17, 3, 'Anh hùng Núp (Đinh Núp)'),
(18, 3, '1946'),
(19, 3, 'Chủ tịch Hồ Chí Minh'),
(20, 3, 'Vũ Năng An'),
(21, 3, 'Phi công bắn rơi máy bay Mỹ'),
(22, 3, 'Đó là chiếc bi đông có khắc chữ “LÁI” và chiếc hộp làm từ mảnh xác máy bay/ống pháo sáng, gắn liền với chiến công tại Xuân Lộc.'),
(23, 3, 'Ông sinh ra tại thôn Lý Nguyên, xã Quảng Châu, huyện Quảng Trạch, tỉnh Quảng Bình.'),
(24, 3, 'Khi hết đạn AK, anh đã nhặt khẩu AR15 và lựu đạn của địch để tiếp tục chiến đấu.'),
(25, 3, 'Ngày 20/10/1976, khi vừa tròn 24 tuổi, anh được Chủ tịch nước phong tặng danh hiệu cao quý.'),
(26, 3, 'Chính ông từng chia sẻ mong muốn thông qua kỷ vật để giáo dục lòng yêu nước, tự hào dân tộc cho thế hệ sa'),
(27, 3, 'Sau khi Đội Quyết tử quân tập kích sân bay Gia Lâm, đốt cháy 2 máy bay địch, Ban chỉ huy Liên khu 1 đã tặng đơn vị lá cờ này để ghi nhận chiến công.'),
(28, 3, 'Ngày 22/12/1951, Đại đội 756 bắn chìm tàu LCT, 4 ca nô và bắt sống hơn 30 địch trên sông Đà. Bác Hồ đã tặng đơn vị lá cờ “Chiến thắng Lạc Song”.'),
(29, 3, 'Trong chiến dịch giải phóng Tây Bắc (1952), Trung đoàn Công binh 251 đã mở đường, xử lý bom nổ chậm để đảm bảo vận chuyển an toàn. Chủ tịch Hồ Chí Minh đã tặng lá cờ “Mở đường thắng lợi”, trở thành cờ truyền thống của bộ đội công binh.'),
(30, 3, 'Lá cờ này được thêu với nhiều chiến công từ 1951 đến 1954, là cờ truyền thống của Trung đoàn Thăng Long (Trung đoàn 48, Sư đoàn 320).'),
(31, 3, 'Những lá cờ này là minh chứng cho sự ghi nhận của Đảng, Nhà nước và Chủ tịch Hồ Chí Minh với thành tích xuất sắc của các đơn vị, đồng thời là biểu tượng giáo dục truyền thống cho thế hệ sau.'),
(32, 3, 'Ngày 12/12/1959, khi tới thăm, Chủ tịch Hồ Chí Minh khẳng định Bảo tàng là một “cuốn sử sống” có tác dụng giáo dục truyền thống sâu sắc.'),
(33, 3, 'Cuộc vận động sáng tác được triển khai rộng khắp, thu hút hàng trăm họa sĩ, nhà điêu khắc và trở thành hoạt động tầm quốc gia.'),
(34, 3, 'Trong phần giới thiệu, tác phẩm này được nêu cùng các tác phẩm tiêu biểu của Văn Đa, Huy Toàn.'),
(35, 3, 'Theo tư liệu, triển lãm trưng bày 38 tác phẩm hội họa, điêu khắc của 31 tác giả.'),
(36, 3, 'Sách “Chiến thuật du kích” (còn gọi là “Cách đánh du kích”) do Nguyễn Ái Quốc biên soạn, Việt Minh xuất bản tháng 5/1944 tại chiến khu, trước khi Đội Việt Nam tuyên truyền Giải phóng quân ra đời (12/1944).'),
(37, 3, 'Người viết rõ: quân du kích không có khí giới tốt, chưa thành quân đội chính quy, nhưng có dân chúng ủng hộ, thông thạo địa hình và biết lợi dụng thiên nhiên, nhờ đó vẫn thắng đế quốc.'),
(38, 3, 'Sách gồm 13 chương, từ “Kế hoạch” đến “Dùng trinh thám”. Đây là tài liệu quân sự quan trọng, Nguyễn Ái Quốc nhấn mạnh nguyên tắc Tôn Tử dùng cho cả quân sự và chính trị.'),
(39, 3, 'Lá cờ “Trung với nước, hiếu với dân” là hiện vật tiêu biểu, Bác tặng Trường Võ bị Trần Quốc Tuấn tháng 4/1946, ngày khai giảng khóa đầu tiên.'),
(40, 3, 'Người nêu rõ: chính trị viên có ba nhiệm vụ chính: với bộ đội (chăm lo đời sống, tinh thần), với nhân dân (gắn bó, giúp đỡ), với quân địch (giáo dục, phân hóa).'),
(41, 3, 'Ngoài cờ thưởng, Bác Hồ thường xuyên tặng huy hiệu Bác Hồ để động viên kịp thời các cá nhân, tập thể có thành tích chiến đấu và phục vụ chiến đấu.'),
(42, 3, 'Người khẳng định: thắng lợi mới chỉ là bước đầu, toàn dân phải nâng cao quyết tâm, tiếp tục chiến đấu để giải phóng miền Nam, bảo vệ miền Bắc, tiến tới hòa bình, thống nhất đất nước.'),
(43, 3, 'Qua sách, thư, cờ, huy hiệu, lời kêu gọi… Hồ Chí Minh luôn nhấn mạnh: Quân đội nhân dân Việt Nam là “trung với nước, hiếu với dân”, gắn bó máu thịt với nhân dân, lấy nhân dân làm gốc.');
COMMIT;

/*!40101 SET CHARACTER_SET_CLIENT=@OLD_CHARACTER_SET_CLIENT */;
/*!40101 SET CHARACTER_SET_RESULTS=@OLD_CHARACTER_SET_RESULTS */;
/*!40101 SET COLLATION_CONNECTION=@OLD_COLLATION_CONNECTION */;
